{"cameraMode":{"drawMode":0,"name":"Shaded","section":"Shading Mode"},"sceneLighting":false,"audioPlay":false,"sceneViewState":{"m_AlwaysRefresh":false,"showFog":true,"showSkybox":true,"showFlares":true,"showImageEffects":true,"showParticleSystems":true,"showVisualEffectGraphs":true,"m_FxEnabled":true},"in2DMode":false,"pivot":{"x":299.60247802734377,"y":253.79428100585938,"z":-54.69459533691406},"rotation":{"x":-0.006888274569064379,"y":0.9870568513870239,"z":0.044141292572021487,"w":0.15402951836585999},"size":80.69263458251953,"orthographic":false}